path,artifact_type,created_or_updated_at,size_bytes,sha256,readability
artifacts/JM1_Foundation_Microsoft_Operating_Standard_v1.md,Markdown standard candidate,2026-08-13T02:16:48.785Z,3101,06195d236b4f3ceda140781991646082d6c9d3c5173ed02a33a380f26e15cf18,READABLE
artifacts/JM1_Power_Platform_Governance_Standard_v1_1_Addendum_approval.json,JSON governance approval evidence,2026-08-13T02:16:48.785Z,1716,4532d8882ef20c26d1e2b86c42aa5e64f32eee05a7d77d1d85cf1b55f4a92420,READABLE
artifacts/fnd01_bp12_admin_holds_carried_forward.json,JSON dependency register,2026-08-13T02:16:48.785Z,1622,3bbf99f6e8cac20a44772f2e9133149cedaa79de861a3c30db731afcb1f3faaf,READABLE
artifacts/fnd01_command_center_fit.json,JSON platform-fit analysis,2026-08-13T02:16:48.785Z,888,5de7b1292cc628f996c740ab227ed38fe466b1e7469237c02913baf28378f109,READABLE
artifacts/fnd01_communications_ownership.json,JSON ownership matrix,2026-08-13T02:16:48.785Z,2324,bc383de6aef97ebfa49be9a2e672d67541e8cec96ea231f8df835d9dacd98005,READABLE
artifacts/fnd01_current_state_inventory.json,JSON historical inventory,2026-08-13T02:16:48.785Z,3873,1d6f74d134f65173d5776b8ef1686950c688d316583fcd43e5919f4e696f1ae2,READABLE
artifacts/fnd01_customer_service_fit.json,JSON platform-fit analysis,2026-08-13T02:16:48.785Z,774,f6389093e7f63a3d871e950f43337665353c99c1a078dc2bb9c5ed123e339d60,READABLE
artifacts/fnd01_customer_voice_fit.json,JSON Customer Voice historical analysis,2026-08-13T02:16:48.785Z,813,fb932b966aaf6ed4a565d2a1949aeb72892c12f86f1c4081f308c54667162963,READABLE
artifacts/fnd01_donor_semantics.json,JSON Foundation business model,2026-08-13T02:16:48.785Z,1223,aa89910552621b0a826cceeaee23f0072b85e3de621deacc20b1d171832b7792,READABLE
artifacts/fnd01_event_model.json,JSON mixed business/platform model,2026-08-13T02:16:48.785Z,972,3be20615df1f35fc50849d86a9c7a32234b60b2f4d835bff4d9a39c9388ae360,READABLE
artifacts/fnd01_final_closeout.json,JSON historical closeout,2026-08-13T02:16:48.785Z,4223,504bf3ac64a49fbb8ce8280627169174faca5e73d543293d3daf0751a55457ee,READABLE
artifacts/fnd01_final_closeout.md,Markdown historical closeout,2026-08-13T02:16:48.785Z,3628,2f45caf08eaf3c758c57607baecac0ee2da3bc0ea2644ebe2bf17fd04b6bcbb8,READABLE
artifacts/fnd01_funding_opportunity_semantics.json,JSON Foundation business model,2026-08-13T02:16:48.785Z,1052,17a16a3a9c1a8a55c01cfaa55caa354bf46a0c8a2fbad15eb872a71592322420,READABLE
artifacts/fnd01_gift_data_ownership.json,JSON financial/data boundary,2026-08-13T02:16:48.785Z,1076,d84f439f0884599f018ea285ea72d49d692006d80e2e627766c4303fd3411c85,READABLE
artifacts/fnd01_human_first_validation.json,JSON validation evidence,2026-08-13T02:16:48.785Z,1445,6f251e6081efa18deeafabd897f764a2e9c21d7bc652e1a35991cfb1923f3ba2,READABLE
artifacts/fnd01_implementation_evidence.json,JSON historical implementation evidence,2026-08-13T02:16:48.785Z,1136,251bfbecf5eef32c9c9fc02a055933757707606bc5460d1672ad788719d37720,READABLE
artifacts/fnd01_intake_mapping.json,JSON mixed intake/platform mapping,2026-08-13T02:16:48.785Z,1064,e4df87789cbb4a20c375acbb7409df2da662b4417002e8ed9657f3fd2840e3e7,READABLE
artifacts/fnd01_journeys_fit.json,JSON platform-fit analysis,2026-08-13T02:16:48.785Z,805,b3dd57037149ccfcf172805703afaa6cb34f48e84f477df2cd63d86b994014d2,READABLE
artifacts/fnd01_metrics_model.json,JSON Foundation measurement model,2026-08-13T02:16:48.785Z,858,f1885b0fd2ad4f75df92833208685271b66f148fd5fd23e48a8b336ea1081d6d,READABLE
artifacts/fnd01_package_definition.json,JSON work-package definition,2026-08-13T02:16:48.785Z,2777,aa50aaea7929c7da73078c97cf268dc8da5caf144271d4b178e8d7305f43ec7d,READABLE
artifacts/fnd01_package_definition.md,Markdown work-package summary,2026-08-13T02:16:48.785Z,811,aacc2bfc96d637f110fdbf2e698a42762f6a43ed2fd8b97334de8c9c79051589,READABLE
artifacts/fnd01_power_automate_optimization.json,JSON automation analysis,2026-08-13T02:16:48.785Z,958,b17cee6396bd1b1851bda8f4d39bcc5cf28e05f448aedd80541f7eb4f823ce15,READABLE
artifacts/fnd01_privacy_security_validation.json,JSON privacy design evidence,2026-08-13T02:16:48.785Z,927,a5f86a8898bdc3c4b6282624662ad77324226f219b5b910e53cad66b3ed865f9,READABLE
artifacts/fnd01_program_model.json,JSON Foundation business model,2026-08-13T02:16:48.785Z,4370,4dc8e916b26b9c0a229ed76dcaa77a6124a3cecaa97fde800067816961669e70,READABLE
artifacts/fnd01_public_link_validation.json,JSON link validation evidence,2026-08-13T02:16:48.785Z,606,9ad3baa91443ea08c2b859893c72376d42d6ac0f6394fa0b4a4b82ba9a8e473a,READABLE
artifacts/fnd01_recipient_participant_semantics.json,JSON Foundation business model,2026-08-13T02:16:48.785Z,1003,1e4e4bd56c6ff7fddbdcfd92d2b1505380a880845fc101504b189d0889951ba8,READABLE
artifacts/fnd01_regression_validation.json,JSON historical validation evidence,2026-08-13T02:16:48.785Z,1442,74760200aacad2677cc5d4edd6d5a5a58d87658ce10bc952811b53cf8308baff,READABLE
artifacts/fnd01_relationship_intelligence_boundary.json,JSON platform boundary,2026-08-13T02:16:48.785Z,1016,48aa68f75709a9874291e708d70a039bfcbb7836947b5b7600636ad2d818c185,READABLE
artifacts/fnd01_relationship_model_validation.json,JSON platform model validation,2026-08-13T02:16:48.785Z,1538,1ef07ca3aee9ea4b8547cf7cbd47e1b1f48d75d585e3f03dcff1d8bf29442042,READABLE
artifacts/fnd01_remaining_backlog.json,JSON historical backlog,2026-08-13T02:16:48.785Z,1500,d3fe2a2a2638f8a738e19c3f50b5767d17c90bf5c1e2cf9df8a9fce3fcf586d6,READABLE
artifacts/fnd01_schema_decision.json,JSON Dataverse schema proposal,2026-08-13T02:16:48.785Z,1443,401172e4c26d95757a8d24f8343a647a84690ef30f5a1c31c55c2a9110236401,READABLE
artifacts/fnd01_sharepoint_document_model.json,JSON SharePoint ownership model,2026-08-13T02:16:48.785Z,1744,5abfae7b72e6eafe1441848e9e5b05c1fe5578e3cadde3daf5591c3586391230,READABLE
artifacts/fnd01_source_referral_model.json,JSON Foundation business model,2026-08-13T02:16:48.785Z,803,41f44bc8b2112506b4108d4b989b3e455aa752a4f0888413a7aee2c520c1b5d7,READABLE
artifacts/fnd01_unified_routing_fit.json,JSON platform-fit analysis,2026-08-13T02:16:48.785Z,693,c71c27b62ca1b3d30f53b108d030194a8aec6f5aaccbbc1d5c1243d34d4d52c6,READABLE
artifacts/fnd01_validation.json,JSON historical validation evidence,2026-08-13T02:16:48.785Z,1776,9ccc39fb901b3715fc02156e3c63b9bc522bc041d23ff22e40309073c26716ec,READABLE
artifacts/fnd01_volunteer_semantics.json,JSON Foundation business model,2026-08-13T02:16:48.785Z,966,20d656af57e2464465772362f82eb27a059a666a80aed2a08951fde62c647421,READABLE
artifacts/post_fnd01_completion_priority_gate.json,JSON historical sequencing recommendation,2026-08-13T02:16:48.785Z,1761,cf10acbebfa79c37b822a8650dc92a1c14ee20e9d06d64d6b3434de92377e964,READABLE
scripts/generate_fnd01_artifacts.mjs,JavaScript evidence generator,2026-08-12T22:16:42-0400,40310,5352801051d231ba18dfce44d54bfa192248f182fe00d5a832565187f2b14c7c,READABLE_AFTER_CLOUD_FETCH
